0,"Asma Bronquial","Desde ayer siento un dolor agudo en el pecho y un silbido fuerte al respirar; también tengo fiebre, tos con flema, mucha secreción nasal y noto que todo empezó tras una reacción alérgica."
1,"Asma Bronquial","Me falta el aire, tengo fiebre, estoy tosiendo con flema y con la nariz que no para de gotear; creo que fue por una alergia."
2,"Asma Bronquial","Llevo dos días con un dolor agudo y opresión en el pecho, fiebre, me cuesta respirar, toso con flema y tengo secreción nasal constante."
3,"Asma Bronquial","Estoy con tos, me silba el pecho al respirar y tengo fiebre."
4,"Asma Bronquial","Siento un dolor agudo y opresión en el pecho, al respirar me silba, tengo fiebre, secreción nasal y todo parece una reacción alérgica."
5,"Asma Bronquial","Me oprime el pecho, toso y me cuesta mucho respirar."
6,"Asma Bronquial","Tengo la nariz muy congestionada, un silbido en el pecho, fiebre y tos con flema."
7,"Asma Bronquial","Me silba el pecho al respirar, tengo fiebre, dificultad para respirar, tos con flema y una clara reacción alérgica."
8,"Asma Bronquial","Me falta el aire, siento un dolor agudo en el pecho, tos, tos con flema, secreción nasal y reacción alérgica."
9,"Asma Bronquial","Solo tengo tos, un silbido al respirar y desencadenó una reacción alérgica."
10,"Asma Bronquial","Me falta el aire, tos, congestión nasal, silbido en el pecho, fiebre, dificultad para respirar y secreción nasal."
11,"Asma Bronquial","Noto un dolor agudo y opresión en el pecho, me silba al respirar, tengo fiebre y tos con flema."
12,"Asma Bronquial","Siento opresión en el pecho, congestión nasal, un silbido al respirar, me cuesta respirar y creo que es una reacción alérgica."
13,"Asma Bronquial","Desde esta mañana tengo un dolor agudo y opresivo en el pecho, tos, congestión nasal, silbido al respirar, dificultad para respirar y tos con flema."
14,"Asma Bronquial","Me falta el aire, dolor agudo en el pecho, congestión nasal, dificultad para respirar y una reacción alérgica evidente."
15,"Asma Bronquial","Presento dolor agudo y opresión en el pecho, tos, congestión nasal, silbido al respirar, dificultad para respirar, secreción nasal y reacción alérgica."
16,"Asma Bronquial","Tengo opresión en el pecho, fiebre, tos con flema y secreción nasal."
17,"Asma Bronquial","Me oprime el pecho, me silba al respirar, me cuesta respirar, tos con flema y una reacción alérgica."
18,"Asma Bronquial","Me falta el aire, siento opresión en el pecho, tos, congestión nasal y tos con flema."
19,"Asma Bronquial","Simplemente me falta el aire."
20,"Dengue","Tengo fiebre alta, dolor de cabeza intenso y un dolor profundo detrás de los ojos."
21,"Dengue","Llevo varios días con fiebre, dolor muscular y un cansancio que no me deja moverme."
22,"Dengue","He tenido fiebre elevada, náuseas y me duelen mucho las articulaciones."
23,"Dengue","Siento escalofríos, dolor en todo el cuerpo y he perdido el apetito."
24,"Dengue","Me ha salido un sarpullido en la piel, tengo fiebre y dolor muscular."
25,"Dengue","Presento fiebre constante, debilidad y un dolor de cabeza que no se quita."
26,"Dengue","Me siento agotado, con un dolor muy fuerte en los huesos y la temperatura alta."
27,"Dengue","Tengo dolor detrás de los ojos, fiebre y vómitos."
28,"Dengue","Me vino una fiebre repentina, dolor en las articulaciones y náuseas."
29,"Dengue","He tenido sudoración, cansancio extremo y dolor muscular."
30,"Dengue","Siento fiebre alta, mareos y me duele todo el cuerpo."
31,"Dengue","Tengo escalofríos, dolor de cabeza y molestias en las articulaciones."
32,"Dengue","Estoy muy cansado, con fiebre y me han aparecido erupciones en la piel."
33,"Dengue","Me duele el cuerpo, tengo fiebre y ando con muy poca energía."
34,"Dengue","Tengo un dolor muscular intenso, fiebre y náuseas muy frecuentes."
35,"Dengue","Presento fiebre alta, dolor en los ojos y una debilidad general que me tumba."
36,"Dengue","Siento dolor de cabeza, fiebre y molestias en las articulaciones."
37,"Dengue","Además de los síntomas típicos, tengo dolor de garganta y un dolor extraño en las muñecas."
38,"Dengue","Me duele la garganta y también siento un dolor persistente en la muñeca."
39,"Dengue","Ando con dolor de garganta y un dolor localizado en la muñeca."
40,"Artritis","Me duelen las manos y los dedos, tengo la muñeca hinchada, me duele la rodilla y otras articulaciones."
41,"Artritis","Solo presento dolor en manos y dedos, y la muñeca se me hincha."
42,"Artritis","Me duelen manos y dedos, la muñeca hinchada, dolor de espalda y de rodilla."
43,"Artritis","Tengo dolor en manos, dedos, muñeca hinchada, dolor de espalda, de rodilla y dolor articular generalizado."
44,"Artritis","Noto dolor en manos y dedos, muñeca hinchada, y también me duele la espalda y la rodilla."
45,"Artritis","Me duelen manos y dedos, la muñeca inflamada, dolor de espalda, de rodilla y dolor en las articulaciones."
46,"Artritis","Dolor en manos, dedos, muñeca hinchada, dolor de espalda y articular."
47,"Artritis","Me duelen las manos y los dedos, tengo la muñeca hinchada y dolor en las articulaciones."
48,"Artritis","Se me hincha la muñeca, me duele la espalda y tengo dolor articular."
49,"Artritis","Siento dolor en manos y dedos, dolor de espalda y de rodilla."
50,"Artritis","Dolor en manos, dedos, muñeca hinchada, dolor de espalda, rodilla y articular."
51,"Artritis","Me duelen las manos y los dedos, tengo la muñeca hinchada y me duele la rodilla."
52,"Artritis","Hinchazón de muñeca, dolor de espalda, de rodilla y articular."
53,"Artritis","Dolor de manos y dedos, muñeca hinchada, dolor de espalda y articular."
54,"Artritis","Me duelen las manos y los dedos, se me hincha la muñeca y siento dolor articular."
55,"Artritis","Tengo dolor en las manos, dedos, muñeca inflamada y molestias articulares."
56,"Artritis","Dolor de manos y dedos, muñeca hinchada y dolor de rodilla."
57,"Artritis","Me duelen las manos y los dedos, la muñeca hinchada, dolor de rodilla y articular."
58,"Artritis","Manos y dedos doloridos, muñeca hinchada, dolor de rodilla y en las articulaciones."
59,"Artritis","Hinchazón de muñeca, dolor de rodilla y dolor articular."
60,"Ictericia","Mi bebé no está creciendo bien, está muy irritable y sus heces tienen un aspecto diferente."
61,"Ictericia","Noto que mi bebé está amarillento, está irritable y sus heces han cambiado de apariencia."
62,"Ictericia","El bebé no gana peso, tiene problemas para alimentarse y las heces se ven anormales."
63,"Ictericia","Falta de crecimiento, el bebé está amarillento y con dificultades para alimentarse."
64,"Ictericia","El bebé no crece adecuadamente y se le ve la piel amarilla."
65,"Ictericia","Falta de crecimiento, ictericia, el bebé muy irritable y cambios en las heces."
66,"Ictericia","El bebé no está creciendo y tiene problemas de alimentación."
67,"Ictericia","Falta de crecimiento y las heces del bebé se ven distintas."
68,"Ictericia","Poco crecimiento y dificultades para alimentar al bebé."
69,"Ictericia","El bebé no crece, está irritable y no se alimenta bien."
70,"Ictericia","Falta de crecimiento y color amarillento en el bebé."
71,"Ictericia","El bebé no crece, está irritable y las heces tienen mal aspecto."
72,"Ictericia","Mi bebé no crece, tiene ictericia, está irritable, con problemas de alimentación y las heces cambiaron."
73,"Ictericia","Falta de crecimiento, problemas en la alimentación y aspecto anormal de las heces."
74,"Ictericia","El bebé no está creciendo y se ve ictérico."
75,"Ictericia","Falta de crecimiento, el bebé irritable y con problemas para comer."
76,"Ictericia","El bebé no crece, tiene problemas para alimentarse y sus heces son anormales."
77,"Ictericia","Solo noto que el bebé no está creciendo."
78,"Ictericia","Falta de crecimiento, ictericia, bebé irritable y problemas de alimentación."
79,"Ictericia","El bebé no crece, está amarillo y con dificultades para alimentarse."
80,"Diabetes","Tengo enrojecimiento vaginal, estoy embarazada y he tenido problemas durante el embarazo junto con presión pélvica."
81,"Diabetes","Enrojecimiento vaginal y problemas durante el embarazo."
82,"Diabetes","Dolor durante el embarazo y enrojecimiento vaginal."
83,"Diabetes","Estando embarazada, tengo dolor, enrojecimiento vaginal y presión en la pelvis."
84,"Diabetes","Dolor en el embarazo, enrojecimiento vaginal y contracciones uterinas."
85,"Diabetes","Siento dolor durante el embarazo, enrojecimiento vaginal y contracciones."
86,"Diabetes","Dolor en el embarazo, contracciones uterinas y presión pélvica."
87,"Diabetes","Enrojecimiento vaginal, contracciones uterinas y presión en la pelvis."
88,"Diabetes","Dolor en el embarazo, enrojecimiento vaginal, problemas gestacionales y presión pélvica."
89,"Diabetes","Enrojecimiento vaginal, contracciones y presión pélvica."
90,"Diabetes","Embarazo con dolor, problemas gestacionales y contracciones uterinas."
91,"Diabetes","Dolor durante el embarazo y enrojecimiento vaginal."
92,"Diabetes","Enrojecimiento vaginal y problemas en el embarazo."
93,"Diabetes","Enrojecimiento vaginal, problemas en el embarazo y presión pélvica."
94,"Diabetes","Enrojecimiento vaginal, problemas gestacionales y contracciones uterinas."
95,"Diabetes","Dolor en el embarazo, enrojecimiento vaginal, problemas durante la gestación y presión pélvica."
96,"Diabetes","Enrojecimiento vaginal, contracciones uterinas y presión pélvica."
97,"Diabetes","Dolor de embarazo, enrojecimiento vaginal, problemas gestacionales, contracciones y presión pélvica."
98,"Diabetes","Enrojecimiento vaginal, problemas en el embarazo, contracciones y presión pélvica."
99,"Diabetes","He aumentado de peso y tengo mucha sed."
100,"Enfermedad Por Reflujo Gastroesofágico","Tengo tos, dificultad para tragar, un dolor abdominal muy agudo y ardor en el abdomen."
101,"Enfermedad Por Reflujo Gastroesofágico","Se me ha puesto la voz ronca, me cuesta tragar, siento dolor abdominal agudo y regurgitación constante."
102,"Enfermedad Por Reflujo Gastroesofágico","Siento un dolor agudo en el pecho, voz ronca y tos."
103,"Enfermedad Por Reflujo Gastroesofágico","Dolor agudo en el pecho, tos, dificultad para tragar, dolor abdominal agudo, regurgitación, ardor en el abdomen y vuelvo a regurgitar."
104,"Enfermedad Por Reflujo Gastroesofágico","Dolor agudo en el pecho, tos, dificultad para tragar, dolor abdominal agudo, náuseas y regurgitación repetida."
105,"Enfermedad Por Reflujo Gastroesofágico","Opresión en el pecho, voz ronca, tos, dolor abdominal agudo, náuseas y regurgitación."
106,"Enfermedad Por Reflujo Gastroesofágico","Voz ronca, dificultad para tragar, dolor abdominal agudo, náuseas y ardor en el abdomen."
107,"Enfermedad Por Reflujo Gastroesofágico","Dolor agudo y opresivo en el pecho, voz ronca, tos, regurgitación, ardor abdominal y más regurgitación."
108,"Enfermedad Por Reflujo Gastroesofágico","Opresión en el pecho, dificultad para tragar, náuseas y ardor en el abdomen."
109,"Enfermedad Por Reflujo Gastroesofágico","Voz ronca, tos, dificultad para tragar, dolor abdominal agudo, regurgitación, ardor abdominal y otra vez regurgitación."
110,"Enfermedad Por Reflujo Gastroesofágico","Dolor agudo y opresión en el pecho, tos, dificultad para tragar, dolor abdominal agudo y ardor en el abdomen."
111,"Enfermedad Por Reflujo Gastroesofágico","Dolor agudo y opresivo en el pecho, dificultad para tragar y náuseas."
112,"Enfermedad Por Reflujo Gastroesofágico","Siento el pecho oprimido, me cuesta tragar y tengo náuseas."
113,"Enfermedad Por Reflujo Gastroesofágico","Dolor agudo en el pecho, dolor abdominal agudo y ardor en el abdomen."
114,"Enfermedad Por Reflujo Gastroesofágico","Voz ronca, dificultad para tragar, dolor abdominal agudo y náuseas."
115,"Enfermedad Por Reflujo Gastroesofágico","Dolor agudo en el pecho, voz ronca, tos, dificultad para tragar, náuseas, regurgitación, ardor abdominal y de nuevo regurgitación."
116,"Enfermedad Por Reflujo Gastroesofágico","Opresión en el pecho, dolor abdominal agudo, náuseas y ardor en el abdomen."
117,"Enfermedad Por Reflujo Gastroesofágico","Opresión en el pecho, tos, dificultad para tragar, dolor abdominal agudo y regurgitación."
118,"Enfermedad Por Reflujo Gastroesofágico","Opresión en el pecho, voz ronca y tos."
119,"Enfermedad Por Reflujo Gastroesofágico","Voz ronca, dolor abdominal agudo y regurgitación."
120,"Alergia","Me apareció hinchazón en la piel y en los labios, picazón en los ojos, retención de líquidos, un ojo hinchado, picazón en la piel y erupción cutánea."
121,"Alergia","Tengo tos, la piel se me ve rara, reacción alérgica, retención de líquidos, me pica la piel y tengo erupción."
122,"Alergia","Tos, hinchazón de labios, retención de líquidos, ojo hinchado, picazón en la piel y erupción."
123,"Alergia","Tos, hinchazón de la piel, se me hinchan piernas o brazos, picazón en los ojos, reacción alérgica y picazón en la piel."
124,"Alergia","Tos, hinchazón de labios, reacción alérgica y picazón en la piel."
125,"Alergia","Tengo tos, una reacción alérgica y estoy reteniendo líquidos."
126,"Alergia","Se me hinchan los labios, las piernas o brazos, picazón en los ojos, retención de líquidos, ojo hinchado y erupción cutánea."
127,"Alergia","Hinchazón de labios, picazón en los ojos y en la piel."
128,"Alergia","Tos, hinchazón de la piel, reacción alérgica, retención de líquidos y picazón en la piel."
129,"Alergia","La piel se me hincha, se ve anormal, retengo líquidos y tengo erupción."
130,"Alergia","Tos, hinchazón de la piel, labios hinchados, piernas o brazos hinchados, reacción alérgica y erupción."
131,"Alergia","Tos, hinchazón de la piel y labios, la piel se ve anormal, retención de líquidos y erupción cutánea."
132,"Alergia","Tos, hinchazón de la piel, piel anormal, hinchazón en piernas o brazos, picazón en ojos, reacción alérgica, retención de líquidos, picazón en la piel y erupción."
133,"Alergia","Hinchazón de la piel, piernas o brazos hinchados, picazón en los ojos, retención de líquidos, ojo hinchado y erupción."
134,"Alergia","Piel con aspecto anormal e hinchazón en piernas o brazos."
135,"Alergia","Tos, hinchazón de labios y picazón en los ojos."
136,"Alergia","Tos, hinchazón de piel y labios, piel de aspecto raro y retención de líquidos."
137,"Alergia","Tos, hinchazón de piel y labios, piernas o brazos hinchados, picazón en ojos, reacción alérgica, retención de líquidos, ojo hinchado, picazón en la piel y erupción."
138,"Alergia","Picazón en los ojos, reacción alérgica, retención de líquidos y picazón en la piel."
139,"Alergia","Hinchazón en piernas o brazos, reacción alérgica, retención de líquidos y picazón en la piel."
140,"Venas Varicosas","Me duele la pierna, se me hincha, tengo linfedema y noto un bulto o masa en la pierna."
141,"Venas Varicosas","Dolor e hinchazón en la pierna, y me dan calambres o espasmos en esa misma pierna."
142,"Venas Varicosas","Hinchazón en la pierna, calambres o espasmos en la pierna y dolor generalizado."
143,"Venas Varicosas","Tengo una lesión en la piel, calambres en la pierna, linfedema y un bulto en la pierna."
144,"Venas Varicosas","Lesión en la piel, hinchazón de pierna, calambres en la pierna, dolor generalizado, linfedema y un bulto o masa en la pierna."
145,"Venas Varicosas","Lesión en la piel, hinchazón en piernas o brazos, dolor generalizado y un bulto en la pierna."
146,"Venas Varicosas","Hinchazón en piernas o brazos, hinchazón de pierna, calambres en la pierna y linfedema."
147,"Venas Varicosas","Dolor de pierna, hinchazón en piernas o brazos, hinchazón de pierna y calambres en la pierna."
148,"Venas Varicosas","Dolor de pierna, hinchazón en piernas o brazos, hinchazón de pierna, calambres en la pierna, dolor generalizado y bulto en la pierna."
149,"Venas Varicosas","Hinchazón en piernas o brazos, calambres en la pierna y un bulto o masa en la pierna."
150,"Venas Varicosas","Hinchazón en piernas o brazos, hinchazón de pierna, calambres en la pierna y un bulto en la pierna."
151,"Venas Varicosas","Hinchazón en piernas o brazos, dolor generalizado y linfedema."
152,"Venas Varicosas","Dolor de pierna, lesión en la piel, dolor generalizado y linfedema."
153,"Venas Varicosas","Dolor de pierna, lesión en la piel, calambres en la pierna y dolor generalizado."
154,"Venas Varicosas","Lesión en la piel, hinchazón en piernas o brazos, hinchazón de pierna, calambres en la pierna y dolor generalizado."
155,"Venas Varicosas","Dolor de pierna, hinchazón en piernas o brazos, calambres en la pierna y dolor generalizado."
156,"Venas Varicosas","Lesión en la piel, hinchazón en piernas o brazos, hinchazón de pierna, calambres, dolor generalizado y bulto en la pierna."
157,"Venas Varicosas","Lesión en la piel, hinchazón en piernas o brazos y un bulto o masa en la pierna."
158,"Venas Varicosas","Calambres o espasmos en la pierna, dolor generalizado y un bulto en la pierna."
159,"Venas Varicosas","Hinchazón de pierna, dolor generalizado, linfedema y un bulto en la pierna."
160,"Infección Fúngica","Tengo acné o espinillas, el cuero cabelludo se ve irregular, me pica la piel y el cuero cabelludo, tengo poco cabello y una erupción."
161,"Infección Fúngica","Hinchazón de la piel, lesión en la piel, acné, picazón en la piel, sequedad y descamación áspera, picazón en el cuero cabelludo y erupción."
162,"Infección Fúngica","Piel hinchada, acné, cuero cabelludo irregular, picazón en piel y cuero cabelludo, y poco cabello."
163,"Infección Fúngica","La piel se ve anormal, me pica la piel y el cuero cabelludo."
164,"Infección Fúngica","Piel con aspecto anormal, acné, picazón, sequedad y aspereza, poco cabello y erupción cutánea."
165,"Infección Fúngica","Piel anormal, lesión en la piel, picazón en piel y cuero cabelludo, poco cabello y erupción."
166,"Infección Fúngica","Hinchazón de la piel, piel anormal, acné, cuero cabelludo irregular, picazón en la piel, sequedad áspera, picazón en cuero cabelludo y poco cabello."
167,"Infección Fúngica","Hinchazón de la piel, acné, cuero cabelludo irregular, picazón en la piel y en el cuero cabelludo."
168,"Infección Fúngica","Hinchazón y aspecto anormal de la piel, lesión, acné, picazón en el cuero cabelludo y poco cabello."
169,"Infección Fúngica","Piel hinchada y anormal, acné, picazón en la piel, sequedad áspera, picazón en cuero cabelludo y erupción."
170,"Infección Fúngica","Acné, picazón en la piel, sequedad y descamación áspera, picazón en el cuero cabelludo, poco cabello y erupción."
171,"Infección Fúngica","Hinchazón y aspecto anormal de la piel, lesión, picazón en la piel y erupción."
172,"Infección Fúngica","Piel con aspecto anormal, sequedad y aspereza, y picazón en el cuero cabelludo."
173,"Infección Fúngica","Hinchazón de la piel, cuero cabelludo irregular, poco cabello y erupción."
174,"Infección Fúngica","Piel anormal, lesión, picazón, sequedad áspera, poco cabello y erupción."
175,"Infección Fúngica","Piel hinchada y anormal, lesión, acné, cuero cabelludo irregular, picazón en la piel y cuero cabelludo, y erupción."
176,"Infección Fúngica","Piel anormal, lesión, acné y erupción."
177,"Infección Fúngica","Piel anormal, lesión, acné, picazón en piel y cuero cabelludo, y erupción."
178,"Infección Fúngica","Hinchazón de la piel, aspecto anormal y lesión en la piel."
179,"Infección Fúngica","Hinchazón, aspecto anormal, lesión en la piel, acné y erupción."
180,"Reacción A Medicamentos","Me falta el aire, se me hincha la garganta, tengo vómitos, náuseas, hinchazón en piernas o brazos y picazón en la piel."
181,"Reacción A Medicamentos","Vómitos, dolor de cabeza, náuseas, reacción alérgica, picazón en la piel y erupción cutánea."
182,"Reacción A Medicamentos","Falta de aire, mareos, hinchazón de garganta, vómitos, náuseas, picazón en la piel y erupción."
183,"Reacción A Medicamentos","Falta de aire, vómitos, dolor de cabeza, náuseas, hinchazón en piernas o brazos, reacción alérgica, picazón y erupción."
184,"Reacción A Medicamentos","Falta de aire, mareos, náuseas, piel con aspecto anormal, hinchazón en piernas o brazos, reacción alérgica y picazón."
185,"Reacción A Medicamentos","Hinchazón de garganta, dolor de cabeza, náuseas, piel anormal, reacción alérgica y picazón en la piel."
186,"Reacción A Medicamentos","Me falta el aire, tengo mareos y se me hincha la garganta."
187,"Reacción A Medicamentos","Vómitos, náuseas, piel de aspecto raro, hinchazón en piernas o brazos, reacción alérgica y erupción."
188,"Reacción A Medicamentos","Falta de aire, vómitos, dolor de cabeza, náuseas, reacción alérgica y picazón."
189,"Reacción A Medicamentos","Falta de aire, mareos, garganta hinchada, piel anormal y picazón en la piel."
190,"Reacción A Medicamentos","Hinchazón de garganta, hinchazón en piernas o brazos, reacción alérgica, picazón en la piel y erupción."
191,"Reacción A Medicamentos","Falta de aire, vómitos, náuseas, piel anormal, hinchazón en extremidades, reacción alérgica y picazón."
192,"Reacción A Medicamentos","Falta de aire, mareos, garganta hinchada, náuseas, hinchazón en piernas o brazos, reacción alérgica y erupción."
193,"Reacción A Medicamentos","Falta de aire, dolor de cabeza, náuseas, piel anormal, hinchazón en extremidades, reacción alérgica y erupción."
194,"Reacción A Medicamentos","Falta de aire, mareos, vómitos, náuseas, hinchazón en piernas o brazos, reacción alérgica, picazón y erupción."
195,"Reacción A Medicamentos","Garganta hinchada, piel con aspecto anormal, reacción alérgica y picazón en la piel."
196,"Reacción A Medicamentos","Mareos, garganta hinchada, vómitos, náuseas, piel anormal, reacción alérgica, picazón y erupción."
197,"Reacción A Medicamentos","Falta de aire, garganta hinchada, vómitos, piel anormal, reacción alérgica y erupción."
198,"Reacción A Medicamentos","Falta de aire, vómitos, dolor de cabeza, náuseas, piel anormal, hinchazón en extremidades, reacción alérgica y erupción."
199,"Reacción A Medicamentos","Falta de aire, mareos, garganta hinchada, vómitos, dolor de cabeza, náuseas y picazón en la piel."
200,"Neumonía","Me falta el aire, siento un dolor agudo en el pecho, dolor de garganta, congestión nasal, vómitos, un silbido al respirar y mucha debilidad."
201,"Neumonía","Dolor agudo en el pecho, tos, silbido al respirar y debilidad."
202,"Neumonía","Dolor de garganta, tos, vómitos, silbido al respirar, debilidad, dificultad para respirar, escalofríos y secreción nasal."
203,"Neumonía","Falta de aire, dolor agudo en el pecho, dolor de garganta, congestión nasal y fiebre."
204,"Neumonía","Falta de aire, dolor agudo en el pecho, dolor de garganta, tos, congestión nasal, vómitos, fiebre, dificultad para respirar y escalofríos."
205,"Neumonía","Dolor de garganta, silbido al respirar, debilidad, fiebre, dificultad para respirar, escalofríos y secreción nasal."
206,"Neumonía","Tengo tos, fiebre y escalofríos."
207,"Neumonía","Falta de aire, tos, congestión nasal, silbido al respirar, dificultad para respirar, escalofríos y secreción nasal."
208,"Neumonía","Silbido al respirar, fiebre y secreción nasal."
209,"Neumonía","Congestión nasal, debilidad y dificultad para respirar."
210,"Neumonía","Dolor de garganta, tos, congestión nasal, debilidad, dificultad para respirar y escalofríos."
211,"Neumonía","Falta de aire, dolor agudo en el pecho, congestión nasal, vómitos, debilidad y secreción nasal."
212,"Neumonía","Falta de aire, congestión nasal, silbido al respirar, fiebre, escalofríos y secreción nasal."
213,"Neumonía","Falta de aire, dolor agudo en el pecho, dolor de garganta, vómitos, debilidad, dificultad para respirar y escalofríos."
214,"Neumonía","Dolor agudo en el pecho, tos, vómitos, debilidad y escalofríos."
215,"Neumonía","Falta de aire, dolor de garganta, vómitos, silbido al respirar, fiebre, dificultad para respirar, escalofríos y secreción nasal."
216,"Neumonía","Dolor agudo en el pecho, dolor de garganta, congestión nasal, vómitos, silbido al respirar, debilidad, dificultad para respirar y escalofríos."
217,"Neumonía","Falta de aire, dolor de garganta, tos, congestión nasal, vómitos, silbido al respirar y dificultad para respirar."
218,"Neumonía","Dolor agudo en el pecho, dolor de garganta, silbido al respirar y secreción nasal."
219,"Neumonía","Falta de aire, dolor agudo en el pecho, dolor de garganta, tos, vómitos y secreción nasal."
220,"Fiebre Tifoidea","Tengo fiebre persistente, dolor abdominal y diarrea."
221,"Fiebre Tifoidea","Presento fiebre alta, cansancio y he perdido el apetito."
222,"Fiebre Tifoidea","He sentido debilidad, fiebre y molestias en el estómago."
223,"Fiebre Tifoidea","Tengo dolor abdominal, fiebre continua y náuseas."
224,"Fiebre Tifoidea","Llevo días con fiebre elevada, diarrea y una fatiga constante."
225,"Fiebre Tifoidea","Siento escalofríos, dolor estomacal y pérdida de apetito."
226,"Fiebre Tifoidea","Tengo fiebre desde hace días, debilidad y dolor abdominal."
227,"Fiebre Tifoidea","Estoy con cansancio extremo, fiebre y malestar digestivo."
228,"Fiebre Tifoidea","He tenido fiebre alta, estreñimiento y dolor abdominal."
229,"Fiebre Tifoidea","Siento dolor de cabeza, fiebre y molestias intestinales."
230,"Fiebre Tifoidea","Tengo diarrea, fiebre persistente y mucha debilidad."
231,"Fiebre Tifoidea","Presento dolor abdominal, náuseas y fiebre elevada."
232,"Fiebre Tifoidea","Me siento cansado, con fiebre y sin nada de apetito."
233,"Fiebre Tifoidea","Fiebre continua, dolor de estómago y malestar general."
234,"Fiebre Tifoidea","Debilidad, fiebre alta y diarrea frecuente."
235,"Fiebre Tifoidea","He tenido dolor abdominal, cansancio y temperatura elevada."
236,"Fiebre Tifoidea","Siento fiebre constante, náuseas y pérdida de energía."
237,"Fiebre Tifoidea","Tengo escalofríos, dolor digestivo y fiebre que no cede."
238,"Fiebre Tifoidea","Malestar corporal, fiebre y dolor abdominal."
239,"Fiebre Tifoidea","Siento un dolor raro en las muñecas y fiebre que va y viene."
240,"Psoriasis","Piel con aspecto anormal, lesiones, crecimientos en la piel, lunares, dolor articular, sequedad, descamación áspera y erupción cutánea."
241,"Psoriasis","Hinchazón de la piel, aspecto anormal, sequedad, descamación áspera y picazón en el cuero cabelludo."
242,"Psoriasis","Lesión en la piel, crecimiento, cuero cabelludo irregular, lunares y picazón en el cuero cabelludo."
243,"Psoriasis","Piel anormal, lesión, crecimiento en la piel, lunares, dolor articular y sequedad con descamación áspera."
244,"Psoriasis","Hinchazón de la piel, crecimientos, cuero cabelludo irregular, picazón en la piel, sequedad áspera y picazón en cuero cabelludo."
245,"Psoriasis","Hinchazón de la piel, lesión, dolor articular, sequedad y descamación áspera, y erupción."
246,"Psoriasis","Piel hinchada, aspecto anormal y lesión en la piel."
247,"Psoriasis","Hinchazón de la piel, crecimientos, cuero cabelludo irregular, picazón en cuero cabelludo y erupción."
248,"Psoriasis","Hinchazón y aspecto anormal de la piel, cuero cabelludo irregular, lunares, picazón en la piel, sequedad áspera, picazón en cuero cabelludo y erupción."
249,"Psoriasis","Hinchazón de la piel, cuero cabelludo irregular, lunares y picazón en la piel."
250,"Psoriasis","Lunares en la piel, sequedad áspera, picazón en cuero cabelludo y erupción."
251,"Psoriasis","Piel con aspecto anormal y sequedad con descamación áspera."
252,"Psoriasis","Piel anormal, lesión, cuero cabelludo irregular, dolor articular, picazón en cuero cabelludo y erupción."
253,"Psoriasis","Piel anormal, crecimientos, cuero cabelludo irregular, sequedad áspera y erupción."
254,"Psoriasis","Hinchazón y aspecto anormal de la piel, lesión, crecimientos, lunares, dolor articular, picazón en cuero cabelludo y erupción."
255,"Psoriasis","Piel hinchada y anormal, picazón en la piel, sequedad áspera, picazón en cuero cabelludo y erupción."
256,"Psoriasis","Piel anormal, lesión, cuero cabelludo irregular, lunares, dolor articular y erupción."
257,"Psoriasis","Hinchazón de la piel, lesión, crecimientos, cuero cabelludo irregular, dolor articular y erupción."
258,"Psoriasis","Piel con aspecto anormal y dolor en las articulaciones."
259,"Psoriasis","Hinchazón y aspecto anormal de la piel, lesión, crecimientos, cuero cabelludo irregular y picazón en el cuero cabelludo."
260,"Espondilosis Cervical","Tengo dolor de cabeza, dolor en el brazo, dolor de espalda y dolor lumbar."
261,"Espondilosis Cervical","Sufro de insomnio, dolor de cabeza, dolor de cuello, rigidez o tensión en el cuello y problemas de memoria."
262,"Espondilosis Cervical","Mareos, dolor de brazo, dolor de cuello y rigidez o tensión en el cuello."
263,"Espondilosis Cervical","Mareos, dolor de cabeza, dolor de brazo y dolor de cuello."
264,"Espondilosis Cervical","Dolor de brazo, dolor de cuello, dolor lumbar, rigidez en el cuello y problemas de memoria."
265,"Espondilosis Cervical","Mareos, insomnio, dolor de cabeza, dolor de brazo, dolor de cuello y dolor lumbar."
266,"Espondilosis Cervical","Mareos, dolor de cabeza, dolor de espalda, dolor lumbar, rigidez en el cuello y problemas de memoria."
267,"Espondilosis Cervical","Mareos, dolor de cabeza, dolor de brazo, dolor de cuello, dolor lumbar, rigidez en el cuello y problemas de memoria."
268,"Espondilosis Cervical","Insomnio, dolor de cabeza, dolor de cuello y rigidez o tensión en el cuello."
269,"Espondilosis Cervical","Mareos, dolor de cuello, dolor lumbar y problemas de memoria."
270,"Espondilosis Cervical","Insomnio, dolor de cabeza, rigidez en el cuello y problemas de memoria."
271,"Espondilosis Cervical","Dolor de cabeza, dolor de brazo y rigidez en el cuello."
272,"Espondilosis Cervical","Insomnio, dolor de espalda, dolor de cuello, dolor lumbar, rigidez en el cuello y problemas de memoria."
273,"Espondilosis Cervical","Mareos, insomnio, dolor de brazo, dolor de espalda y dolor de cuello."
274,"Espondilosis Cervical","Dolor de cabeza, dolor de cuello y problemas de memoria."
275,"Espondilosis Cervical","Mareos, insomnio, dolor de espalda, dolor de cuello y dolor lumbar."
276,"Espondilosis Cervical","Mareos, dolor de cabeza, dolor de espalda, dolor de cuello y rigidez en el cuello."
277,"Espondilosis Cervical","Dolor de brazo, dolor de espalda, rigidez en el cuello y problemas de memoria."
278,"Espondilosis Cervical","Dolor de cabeza, dolor de brazo, dolor de espalda, rigidez en el cuello y problemas de memoria."
279,"Espondilosis Cervical","Mareos, dolor de espalda, dolor lumbar, rigidez en el cuello y problemas de memoria."
280,"Varicela","Tengo tos, dolor en los testículos, la piel se ve anormal, fiebre y picazón en la piel."
281,"Varicela","Tos, dolor testicular, piel con aspecto anormal, fiebre y me pica mucho la piel."
282,"Varicela","Siento dolor en los testículos, la piel se me ve rara y tengo fiebre."
283,"Varicela","Dolor testicular, piel de aspecto anormal, fiebre y picazón en la piel."
284,"Varicela","Tos, dolor en los testículos y erupción cutánea."
285,"Varicela","Tos, dolor en los testículos y fiebre."
286,"Varicela","Tos, dolor testicular, fiebre, picazón en la piel y erupción."
287,"Varicela","Estoy con tos, dolor en los testículos, fiebre, picazón y erupción cutánea."
288,"Varicela","Tos, dolor testicular, piel de aspecto anormal y erupción."
289,"Varicela","Tos, dolor en los testículos, fiebre y erupción."
290,"Varicela","Tos, dolor testicular, fiebre y erupción en la piel."
291,"Varicela","Tos, dolor en los testículos, piel anormal y fiebre."
292,"Varicela","Dolor en los testículos, piel anormal, picazón y erupción."
293,"Varicela","Dolor testicular, piel con aspecto anormal y picazón."
294,"Varicela","Tos, dolor en los testículos, fiebre y erupción."
295,"Varicela","Dolor en los testículos, piel anormal, picazón y erupción cutánea."
296,"Varicela","Dolor testicular, fiebre, picazón y erupción."
297,"Varicela","Tos, dolor en los testículos, piel anormal y erupción."
298,"Varicela","Tos, piel de aspecto anormal, fiebre, picazón y erupción."
299,"Varicela","Tos, dolor en los testículos, piel anormal, picazón y erupción cutánea."
300,"Hipertensión","Me falta el aire, siento una extraña sensación de frío y tengo síntomas relacionados con los riñones."
301,"Hipertensión","Sensación de frío y síntomas renales."
302,"Hipertensión","Falta de aire, dificultad para hablar y sensación de frío."
303,"Hipertensión","Me falta el aire, me cuesta hablar, siento frío y tengo síntomas en los riñones."
304,"Hipertensión","Falta de aire y sensación de frío."
305,"Hipertensión","Sensación de frío y síntomas de los riñones."
306,"Hipertensión","Siento frío y molestias renales."
307,"Hipertensión","Falta de aire, sensación de frío y problemas en los riñones."
308,"Hipertensión","Me falta el aire y siento frío."
309,"Hipertensión","Falta de aire, dificultad para hablar, sensación de frío y síntomas renales."
310,"Hipertensión","Dificultad para hablar, sensación de frío y síntomas de los riñones."
311,"Hipertensión","Falta de aire y sensación de frío."
312,"Hipertensión","Falta de aire y síntomas en los riñones."
313,"Hipertensión","Me falta el aire y tengo sensación de frío."
314,"Hipertensión","Dificultad para hablar, sensación de frío y síntomas renales."
315,"Hipertensión","Falta de aire, dificultad para hablar y sensación de frío."
316,"Hipertensión","Falta de aire, sensación de frío y síntomas renales."
317,"Hipertensión","Falta de aire, palpitaciones, dificultad para respirar y apnea."
318,"Hipertensión","Me falta el aire, sensación de malestar y apnea."
319,"Hipertensión","Palpitaciones, sensación de malestar, dificultad para respirar y apnea."
320,"Resfriado Común","Dolor de garganta, tos, dolor de cabeza, silbido al respirar, dolor de oído, escalofríos y síntomas de gripe."
321,"Resfriado Común","Dolor de garganta, congestión nasal, dolor de oído, escalofríos, secreción nasal y síntomas gripales."
322,"Resfriado Común","Dolor de garganta, dolor de oído, fiebre, escalofríos y síntomas de gripe."
323,"Resfriado Común","Congestión nasal, dolor de cabeza, silbido al respirar, dolor de oído, fiebre, escalofríos, secreción nasal y síntomas de gripe."
324,"Resfriado Común","Congestión nasal, silbido al respirar, dolor de oído, escalofríos y secreción nasal."
325,"Resfriado Común","Dolor de garganta, tos, dolor de oído, fiebre y escalofríos."
326,"Resfriado Común","Tos, vómitos, dolor de oído y síntomas de gripe."
327,"Resfriado Común","Dolor de garganta, tos, congestión nasal, dolor de cabeza, dolor de oído y secreción nasal."
328,"Resfriado Común","Dolor de garganta, tos, congestión nasal, vómitos, fiebre y síntomas gripales."
329,"Resfriado Común","Dolor de garganta, tos, vómitos, dolor de cabeza, silbido al respirar, dolor de oído, fiebre, escalofríos y síntomas de gripe."
330,"Resfriado Común","Tos, dolor de cabeza, silbido al respirar, dolor de oído, escalofríos y secreción nasal."
331,"Resfriado Común","Congestión nasal, dolor de oído, escalofríos y secreción nasal."
332,"Resfriado Común","Dolor de garganta, congestión nasal, dolor de cabeza, escalofríos y síntomas gripales."
333,"Resfriado Común","Dolor de garganta, tos, congestión nasal, vómitos, dolor de oído, secreción nasal y síntomas de gripe."
334,"Resfriado Común","Dolor de garganta, tos, congestión nasal, dolor de cabeza, silbido al respirar, dolor de oído, fiebre, escalofríos y secreción nasal."
335,"Resfriado Común","Dolor de cabeza, fiebre y secreción nasal."
336,"Resfriado Común","Dolor de cabeza, silbido al respirar, fiebre, secreción nasal y síntomas de gripe."
337,"Resfriado Común","Tengo congestión nasal, estornudos y dolor de garganta."
338,"Resfriado Común","Presento tos leve, malestar general y secreción nasal."
339,"Resfriado Común","Siento cansancio, nariz tapada y un dolor de cabeza leve."
340,"Acné","Hinchazón de la piel, piel de aspecto anormal, acné o espinillas, crecimientos en la piel, cuero cabelludo irregular, períodos menstruales largos, sequedad áspera y erupción."
341,"Acné","Cuero cabelludo irregular, lunares en la piel, períodos menstruales largos y erupción cutánea."
342,"Acné","Crecimientos en la piel, cuero cabelludo irregular, lunares y períodos menstruales largos."
343,"Acné","Acné o espinillas, crecimientos, cuero cabelludo irregular, lunares, períodos largos, sequedad áspera y erupción."
344,"Acné","Hinchazón de la piel, aspecto anormal, crecimientos, cuero cabelludo irregular, lunares y períodos menstruales largos."
345,"Acné","Hinchazón de la piel, aspecto anormal y sequedad con descamación áspera."
346,"Acné","Hinchazón de la piel, acné, crecimientos, cuero cabelludo irregular, lunares y períodos largos."
347,"Acné","Hinchazón de la piel, crecimientos y cuero cabelludo irregular."
348,"Acné","Piel anormal, crecimientos, cuero cabelludo irregular, lunares, períodos largos y erupción."
349,"Acné","Hinchazón y aspecto anormal de la piel, acné, crecimientos, cuero cabelludo irregular, sequedad áspera y erupción."
350,"Acné","Crecimientos en la piel, cuero cabelludo irregular y lunares."
351,"Acné","Hinchazón y aspecto anormal de la piel, acné, crecimientos, cuero cabelludo irregular, lunares, períodos largos, sequedad áspera y erupción."
352,"Acné","Piel anormal, acné, crecimientos, lunares, períodos largos y sequedad áspera."
353,"Acné","Hinchazón y aspecto anormal de la piel, cuero cabelludo irregular y períodos menstruales largos."
354,"Acné","Cuero cabelludo irregular, lunares, períodos largos y sequedad áspera."
355,"Acné","Hinchazón y aspecto anormal de la piel, crecimientos, lunares, sequedad áspera y erupción."
356,"Acné","Hinchazón de la piel, crecimientos, cuero cabelludo irregular, períodos largos y sequedad áspera."
357,"Acné","Hinchazón y aspecto anormal de la piel, crecimientos, cuero cabelludo irregular, períodos largos, sequedad áspera y erupción."
358,"Acné","Hinchazón y aspecto anormal de la piel, acné, lunares, períodos largos y sequedad áspera."
359,"Acné","Hinchazón de la piel, lunares, períodos largos y erupción."
360,"Impétigo","Tos, congestión nasal, hinchazón de la piel, lesión en la piel, úlcera bucal, picazón y una llaga en la nariz."
361,"Impétigo","Tengo una lesión en la piel y erupción cutánea."
362,"Impétigo","Tos, congestión nasal, hinchazón de la piel, lesión, úlcera bucal, fiebre y erupción."
363,"Impétigo","Congestión nasal, lesión en la piel, úlcera bucal, fiebre y picazón en la piel."
364,"Impétigo","Tos, congestión nasal, hinchazón de la piel, piel de aspecto anormal, úlcera bucal, fiebre y picazón."
365,"Impétigo","Tos, congestión nasal, hinchazón de la piel, lesión, úlcera bucal y fiebre."
366,"Impétigo","Tos, congestión nasal, piel anormal, lesión, fiebre, picazón, erupción y llaga en la nariz."
367,"Impétigo","Tos, congestión nasal, hinchazón de la piel, piel anormal, úlcera bucal, fiebre, picazón, erupción y llaga nasal."
368,"Impétigo","Congestión nasal, úlcera bucal, erupción y llaga en la nariz."
369,"Impétigo","Hinchazón de la piel, piel anormal, lesión, úlcera bucal, fiebre y llaga en la nariz."
370,"Impétigo","Tos, congestión nasal e hinchazón de la piel."
371,"Impétigo","Tos, hinchazón de la piel, piel anormal, lesión, úlcera bucal, fiebre, picazón y erupción."
372,"Impétigo","Lesión en la piel, fiebre y erupción cutánea."
373,"Impétigo","Úlcera bucal, fiebre, picazón en la piel y erupción."
374,"Impétigo","Tos, fiebre y picazón en la piel."
375,"Impétigo","Tos, picazón en la piel, erupción y llaga en la nariz."
376,"Impétigo","Tos, congestión nasal, hinchazón de la piel, piel anormal, lesión, úlcera bucal, picazón y erupción."
377,"Impétigo","Congestión nasal, piel de aspecto anormal y lesión en la piel."
378,"Impétigo","Congestión nasal, hinchazón de la piel, piel anormal, fiebre y picazón."
379,"Impétigo","Tos, congestión nasal, hinchazón de la piel, piel anormal, lesión, úlcera bucal, fiebre, picazón y llaga nasal."
380,"Migraña","Dolor de cabeza, náuseas, visión disminuida, manchas o nubes en la visión, ceguera, síntomas en la cara y problemas de memoria."
381,"Migraña","Mareos, dolor de cabeza, náuseas, visión disminuida, ceguera y problemas de memoria."
382,"Migraña","Mareos, vómitos, dolor de cabeza, náuseas, manchas en la visión y problemas de memoria."
383,"Migraña","Mareos, vómitos, dolor de cabeza, náuseas, manchas en la visión, ceguera y síntomas en la cara."
384,"Migraña","Mareos, vómitos, náuseas, visión disminuida, manchas en la visión y ceguera."
385,"Migraña","Dolor de cabeza, síntomas en la cara y problemas de memoria."
386,"Migraña","Vómitos, dolor de cabeza, visión disminuida, ceguera, síntomas faciales y problemas de memoria."
387,"Migraña","Náuseas, visión disminuida, ceguera, síntomas en la cara y problemas de memoria."
388,"Migraña","Vómitos, dolor de cabeza, náuseas, ceguera y síntomas faciales."
389,"Migraña","Vómitos, náuseas, manchas o nubes en la visión y síntomas en la cara."
390,"Migraña","Mareos, vómitos, náuseas, ceguera, síntomas faciales y problemas de memoria."
391,"Migraña","Vómitos, visión disminuida, ceguera y problemas de memoria."
392,"Migraña","Mareos, dolor de cabeza, náuseas, visión disminuida y ceguera."
393,"Migraña","Vómitos, dolor de cabeza, náuseas y ceguera."
394,"Migraña","Vómitos, náuseas, visión disminuida, ceguera y problemas de memoria."
395,"Migraña","Mareos, ceguera y problemas de memoria."
396,"Migraña","Mareos, dolor de cabeza, visión disminuida y síntomas en la cara."
397,"Migraña","Mareos, dolor de cabeza, náuseas, visión disminuida, ceguera y síntomas faciales."
398,"Migraña","Vómitos, dolor de cabeza, visión disminuida, manchas en la visión, ceguera y síntomas en la cara."
399,"Migraña","Mareos, manchas en la visión, ceguera, síntomas faciales y problemas de memoria."
400,"Malaria","Tengo fiebre, escalofríos y una sudoración excesiva que me empapa."
401,"Malaria","Presento dolor muscular, un cansancio extremo y fiebre alta."
402,"Malaria","Siento náuseas, dolor de cabeza y escalofríos constantes."
403,"Malaria","Tengo fiebre que va y viene, debilidad y sudo mucho por las noches."
404,"Malaria","Presento dolor corporal, fiebre y malestar general."
405,"Malaria","Sufrí un desmayo y ahora tengo un fuerte dolor de cabeza."
406,"Malaria","Me desmayé, tengo dolor de cabeza, noto un bulto o masa en la rodilla y fiebre."
407,"Malaria","Luego del desmayo, me quedó dolor de cabeza y un bulto en la rodilla."
408,"Malaria","Tuve un desmayo, dolor de cabeza y una masa extraña en la rodilla."
409,"Malaria","Desmayo, dolor de cabeza, un bulto en la rodilla y fiebre."
410,"Malaria","Me desmayé, tengo un bulto en la rodilla y fiebre."
411,"Malaria","Desmayo, dolor de cabeza y fiebre."
412,"Malaria","Desmayo, dolor de cabeza, bulto en la rodilla y fiebre."
413,"Malaria","Tuve un desmayo, dolor de cabeza y fiebre."
414,"Malaria","Desmayo, dolor de cabeza y un bulto en la rodilla."
415,"Malaria","Me desmayé, tengo dolor de cabeza, una masa en la rodilla y fiebre."
416,"Malaria","Desmayo, dolor de cabeza, bulto en la rodilla y fiebre."
417,"Malaria","Desmayo, dolor de cabeza y un bulto en la rodilla."
418,"Malaria","Desmayo, cefalea, masa en la rodilla y fiebre."
419,"Malaria","Me desmayé, tengo un bulto en la rodilla y fiebre."
420,"Hemorroides Dimórficas","Sangre en las heces, dolor en el ano, acidez estomacal, sangrado rectal, estreñimiento, un bulto o hinchazón alrededor del ano y picazón anal."
421,"Hemorroides Dimórficas","Dolor en el ano, acidez, dolor en la parte inferior del cuerpo, cambios en las heces, sangrado rectal, estreñimiento, bulto alrededor del ano y picazón."
422,"Hemorroides Dimórficas","Sangre en las heces, dolor abdominal agudo, dolor en el ano, acidez, dolor en la parte baja del cuerpo, cambios en las heces, estreñimiento, bulto anal y picazón."
423,"Hemorroides Dimórficas","Sangre en las heces, acidez, dolor en la parte inferior del cuerpo, heces de aspecto anormal, melena (heces negras) y picazón anal."
424,"Hemorroides Dimórficas","Sangre en las heces, dolor abdominal agudo, cambios en las heces, melena y sangrado rectal."
425,"Hemorroides Dimórficas","Dolor anal, acidez estomacal, heces de aspecto diferente, sangrado rectal, estreñimiento y picazón en el ano."
426,"Hemorroides Dimórficas","Solo veo sangre en las heces."
427,"Hemorroides Dimórficas","Acidez estomacal, cambios en las heces, melena, sangrado rectal y un bulto alrededor del ano."
428,"Hemorroides Dimórficas","Sangre en las heces, acidez, dolor en la parte baja del cuerpo, cambios en las heces, sangrado rectal y bulto anal."
429,"Hemorroides Dimórficas","Sangre en heces, dolor abdominal agudo, dolor anal, melena, estreñimiento, bulto alrededor del ano y picazón."
430,"Hemorroides Dimórficas","Dolor en el ano, cambios en las heces, estreñimiento y un bulto o hinchazón alrededor del ano."
431,"Hemorroides Dimórficas","Sangre en las heces, acidez y dolor en la parte inferior del cuerpo."
432,"Hemorroides Dimórficas","Sangre en heces, dolor abdominal agudo, dolor anal, heces anormales, sangrado rectal, estreñimiento y bulto anal."
433,"Hemorroides Dimórficas","Sangre en las heces, acidez estomacal, melena y sangrado rectal."
434,"Hemorroides Dimórficas","Sangre en heces, dolor abdominal agudo, acidez, dolor en la parte baja, heces anormales y sangrado rectal."
435,"Hemorroides Dimórficas","Dolor abdominal agudo, cambios en las heces, estreñimiento y bulto alrededor del ano."
436,"Hemorroides Dimórficas","Dolor abdominal agudo, dolor en el ano, acidez, melena, sangrado rectal y estreñimiento."
437,"Hemorroides Dimórficas","Sangre en heces, dolor anal, acidez, dolor en la parte baja, melena, sangrado rectal y picazón."
438,"Hemorroides Dimórficas","Sangre en las heces, acidez, dolor en la parte inferior del cuerpo, melena y sangrado rectal."
439,"Hemorroides Dimórficas","Sangre en heces, dolor abdominal agudo, dolor anal, acidez, dolor en la parte baja, estreñimiento, bulto anal y picazón."
440,"Infección Del Tracto Urinario","Tengo retención de orina, vómitos, dolor al orinar, micción frecuente y dolor de espalda."
441,"Infección Del Tracto Urinario","Retención de orina, dolor en la parte baja del abdomen sobre el hueso pélvico, vómitos y dolor de espalda."
442,"Infección Del Tracto Urinario","Vómitos, náuseas, dolor al orinar, micción frecuente, sangre en la orina y dolor en el costado."
443,"Infección Del Tracto Urinario","Dolor pélvico bajo, náuseas, micción frecuente, dolor abdominal bajo, dolor de espalda y dolor en el costado."
444,"Infección Del Tracto Urinario","Dolor en la parte baja del abdomen, náuseas, dolor abdominal bajo, dolor en el costado y fiebre."
445,"Infección Del Tracto Urinario","Dolor pélvico, vómitos, náuseas, micción frecuente, dolor abdominal bajo, dolor de espalda, dolor en el costado y fiebre."
446,"Infección Del Tracto Urinario","Retención de orina y dolor en la parte baja del abdomen."
447,"Infección Del Tracto Urinario","Vómitos, náuseas, dolor al orinar, dolor abdominal bajo, dolor de espalda y en el costado."
448,"Infección Del Tracto Urinario","Retención de orina, dolor pélvico, dolor al orinar, micción frecuente, sangre en la orina y dolor de espalda."
449,"Infección Del Tracto Urinario","Vómitos, dolor abdominal bajo y dolor en el costado."
450,"Infección Del Tracto Urinario","Retención de orina, dolor pélvico, dolor al orinar, sangre en la orina, dolor de espalda, dolor en el costado y fiebre."
451,"Infección Del Tracto Urinario","Dolor en la parte baja del abdomen y sangre en la orina."
452,"Infección Del Tracto Urinario","Retención de orina, dolor pélvico, náuseas, sangre en la orina y dolor en el costado."
453,"Infección Del Tracto Urinario","Dolor pélvico, náuseas, dolor al orinar, sangre en la orina, dolor de espalda, dolor en el costado y fiebre."
454,"Infección Del Tracto Urinario","Retención de orina, dolor pélvico, náuseas, micción frecuente, dolor abdominal bajo y dolor en el costado."
455,"Infección Del Tracto Urinario","Retención de orina, dolor pélvico, vómitos, sangre en la orina, dolor de espalda y en el costado."
456,"Infección Del Tracto Urinario","Dolor pélvico, vómitos, dolor al orinar, micción frecuente, dolor abdominal bajo, sangre en la orina y fiebre."
457,"Infección Del Tracto Urinario","Dolor pélvico, vómitos, náuseas, micción frecuente y dolor abdominal bajo."
458,"Infección Del Tracto Urinario","Dolor en la parte baja del abdomen, micción frecuente, sangre en la orina y fiebre."
459,"Infección Del Tracto Urinario","Retención de orina, dolor pélvico, vómitos, náuseas, dolor al orinar, dolor de espalda y fiebre."
460,"Úlcera Péptica","Siento un dolor agudo en el pecho, tengo sangre en las heces, dolor abdominal agudo, vómitos con sangre, ardor en el abdomen, dolor en la parte superior del abdomen y cambios en las heces."
461,"Úlcera Péptica","Náuseas, acidez estomacal, dolor en la parte superior del abdomen y las heces se ven diferentes."
462,"Úlcera Péptica","Dolor agudo en el pecho, sangre en heces, dolor abdominal agudo, náuseas, vómitos con sangre, ardor abdominal y cambios en las heces."
463,"Úlcera Péptica","Sangre en las heces, vómitos, náuseas, vómitos con sangre, ardor en el abdomen y acidez."
464,"Úlcera Péptica","Dolor agudo en el pecho, sangre en heces, dolor abdominal agudo, vómitos, náuseas, vómitos con sangre, ardor abdominal y dolor en la parte superior del abdomen."
465,"Úlcera Péptica","Dolor agudo en el pecho, sangre en las heces, dolor abdominal agudo, náuseas, ardor en el abdomen, dolor en la parte superior del abdomen y cambios en las heces."
466,"Úlcera Péptica","Dolor agudo en el pecho, sangre en heces, vómitos, náuseas, ardor abdominal y heces anormales."
467,"Úlcera Péptica","Dolor agudo en el pecho, sangre en heces, dolor abdominal agudo, vómitos, náuseas, acidez y dolor en la parte superior del abdomen."
468,"Úlcera Péptica","Sangre en las heces, vómitos, vómitos con sangre y acidez estomacal."
469,"Úlcera Péptica","Sangre en las heces, náuseas, vómitos con sangre, acidez y dolor en la parte superior del abdomen."
470,"Úlcera Péptica","Dolor agudo en el pecho, sangre en las heces, dolor abdominal agudo y vómitos."
471,"Úlcera Péptica","Dolor agudo en el pecho, sangre en heces, náuseas, vómitos con sangre, ardor abdominal, acidez y cambios en las heces."
472,"Úlcera Péptica","Náuseas, ardor en el abdomen, dolor en la parte superior del abdomen y cambios en las heces."
473,"Úlcera Péptica","Vómitos con sangre, ardor en el abdomen y cambios en la apariencia de las heces."
474,"Úlcera Péptica","Dolor agudo en el pecho, ardor abdominal, dolor en la parte superior del abdomen y heces anormales."
475,"Úlcera Péptica","Dolor agudo en el pecho, dolor en la parte superior del abdomen y cambios en las heces."
476,"Úlcera Péptica","Dolor agudo en el pecho, sangre en heces, dolor abdominal agudo, vómitos, náuseas, vómitos con sangre y dolor en la parte superior del abdomen."
477,"Úlcera Péptica","Sangre en las heces y vómitos."
478,"Úlcera Péptica","Sangre en heces, dolor abdominal agudo, vómitos, vómitos con sangre, acidez estomacal y cambios en las heces."
479,"Úlcera Péptica","Dolor agudo en el pecho, sangre en las heces, dolor abdominal agudo, vómitos, náuseas, acidez y cambios en la apariencia de las heces."